{"cameraMode":{"drawMode":0,"name":"Shaded","section":"Shading Mode"},"sceneLighting":false,"audioPlay":false,"sceneViewState":{"m_AlwaysRefresh":false,"showFog":true,"showSkybox":false,"showFlares":true,"showImageEffects":true,"showParticleSystems":true,"showVisualEffectGraphs":true,"m_FxEnabled":true},"in2DMode":false,"pivot":{"x":-1.7881393432617188e-7,"y":0.464910089969635,"z":0.04663875699043274},"rotation":{"x":0.004706419538706541,"y":-0.9860262870788574,"z":0.16418734192848206,"w":0.028397981077432634},"size":2.0249035358428957,"orthographic":true}