{"cameraMode":{"drawMode":0,"name":"Shaded","section":"Shading Mode"},"sceneLighting":false,"audioPlay":false,"sceneViewState":{"m_AlwaysRefresh":false,"showFog":true,"showSkybox":false,"showFlares":true,"showImageEffects":true,"showParticleSystems":true,"showVisualEffectGraphs":true,"m_FxEnabled":true},"in2DMode":false,"pivot":{"x":-0.0000030994415283203127,"y":2.0366203784942629,"z":-0.07488119602203369},"rotation":{"x":0.09642559289932251,"y":-0.9016587138175964,"z":0.26564261317253115,"w":0.3273911476135254},"size":2.5152981281280519,"orthographic":true}