{"cameraMode":{"drawMode":0,"name":"Shaded","section":"Shading Mode"},"sceneLighting":false,"audioPlay":false,"sceneViewState":{"m_AlwaysRefresh":false,"showFog":true,"showSkybox":false,"showFlares":true,"showImageEffects":true,"showParticleSystems":true,"showVisualEffectGraphs":true,"m_FxEnabled":true},"in2DMode":false,"pivot":{"x":0.00015121698379516602,"y":-0.0001074075698852539,"z":0.055768996477127078},"rotation":{"x":-0.07143307477235794,"y":-0.9285252094268799,"z":0.25248339772224429,"w":-0.2626875340938568},"size":1.3081328868865967,"orthographic":true}