{"cameraMode":{"drawMode":0,"name":"Shaded","section":"Shading Mode"},"sceneLighting":false,"audioPlay":false,"sceneViewState":{"m_AlwaysRefresh":false,"showFog":true,"showSkybox":false,"showFlares":true,"showImageEffects":true,"showParticleSystems":true,"showVisualEffectGraphs":true,"m_FxEnabled":true},"in2DMode":false,"pivot":{"x":-0.10072895884513855,"y":1.6900169849395753,"z":1.1920928955078126e-7},"rotation":{"x":-0.07054203748703003,"y":-0.9294812679290772,"z":0.2527386248111725,"w":-0.25932878255844118},"size":1.9060860872268677,"orthographic":true}