{"cameraMode":{"drawMode":0,"name":"Shaded","section":"Shading Mode"},"sceneLighting":false,"audioPlay":false,"sceneViewState":{"m_AlwaysRefresh":false,"showFog":true,"showSkybox":false,"showFlares":true,"showImageEffects":true,"showParticleSystems":true,"showVisualEffectGraphs":true,"m_FxEnabled":true},"in2DMode":false,"pivot":{"x":-0.00019299983978271484,"y":0.6975433826446533,"z":0.31913667917251589},"rotation":{"x":0.03190641477704048,"y":-0.964028000831604,"z":0.22673416137695313,"w":0.1355389803647995},"size":1.1117197275161744,"orthographic":true}