{"cameraMode":{"drawMode":0,"name":"Shaded","section":"Shading Mode"},"sceneLighting":false,"audioPlay":false,"sceneViewState":{"m_AlwaysRefresh":false,"showFog":true,"showSkybox":false,"showFlares":true,"showImageEffects":true,"showParticleSystems":true,"showVisualEffectGraphs":true,"m_FxEnabled":true},"in2DMode":false,"pivot":{"x":2799.123779296875,"y":0.3137866258621216,"z":-958.5997314453125},"rotation":{"x":0.035811904817819598,"y":0.9553796648979187,"z":-0.26286301016807558,"w":0.1300535798072815},"size":1.1091948747634888,"orthographic":true}