{"cameraMode":{"drawMode":0,"name":"Shaded","section":"Shading Mode"},"sceneLighting":false,"audioPlay":false,"sceneViewState":{"m_AlwaysRefresh":false,"showFog":true,"showSkybox":false,"showFlares":true,"showImageEffects":true,"showParticleSystems":true,"showVisualEffectGraphs":true,"m_FxEnabled":true},"in2DMode":false,"pivot":{"x":0.00012636184692382813,"y":0.4779101610183716,"z":0.04663871228694916},"rotation":{"x":0.0336625762283802,"y":-0.9156387448310852,"z":0.07848219573497772,"w":0.39285099506378176},"size":1.3632875680923463,"orthographic":true}