{"cameraMode":{"drawMode":0,"name":"Shaded","section":"Shading Mode"},"sceneLighting":false,"audioPlay":false,"sceneViewState":{"m_AlwaysRefresh":false,"showFog":true,"showSkybox":false,"showFlares":true,"showImageEffects":true,"showParticleSystems":true,"showVisualEffectGraphs":true,"m_FxEnabled":true},"in2DMode":false,"pivot":{"x":-1.7881393432617188e-7,"y":0.45697087049484255,"z":-9.84646987915039},"rotation":{"x":0.0029956588987261059,"y":-0.9800689220428467,"z":0.1981598287820816,"w":0.014992757700383664},"size":1.194536805152893,"orthographic":true}