{"cameraMode":{"drawMode":0,"name":"Shaded","section":"Shading Mode"},"sceneLighting":false,"audioPlay":false,"sceneViewState":{"m_AlwaysRefresh":false,"showFog":true,"showSkybox":false,"showFlares":true,"showImageEffects":true,"showParticleSystems":true,"showVisualEffectGraphs":true,"m_FxEnabled":true},"in2DMode":false,"pivot":{"x":0.004356026649475098,"y":-1.4901161193847657e-7,"z":0.005650579929351807},"rotation":{"x":0.035811904817819598,"y":0.9553796648979187,"z":-0.26286301016807558,"w":0.1300535798072815},"size":1.8850024938583375,"orthographic":true}