{"cameraMode":{"drawMode":0,"name":"Shaded","section":"Shading Mode"},"sceneLighting":false,"audioPlay":false,"sceneViewState":{"m_AlwaysRefresh":false,"showFog":true,"showSkybox":false,"showFlares":true,"showImageEffects":true,"showParticleSystems":true,"showVisualEffectGraphs":true,"m_FxEnabled":true},"in2DMode":false,"pivot":{"x":0.00575566291809082,"y":2.0075271129608156,"z":-0.6467869281768799},"rotation":{"x":-0.07317794859409332,"y":-0.7740898728370667,"z":0.09095387905836106,"w":-0.6222546100616455},"size":2.545149564743042,"orthographic":true}