{"cameraMode":{"drawMode":0,"name":"Shaded","section":"Shading Mode"},"sceneLighting":false,"audioPlay":false,"sceneViewState":{"m_AlwaysRefresh":false,"showFog":true,"showSkybox":false,"showFlares":true,"showImageEffects":true,"showParticleSystems":true,"showVisualEffectGraphs":true,"m_FxEnabled":true},"in2DMode":false,"pivot":{"x":-0.00019299983978271484,"y":0.6975433230400086,"z":0.31913667917251589},"rotation":{"x":0.13543111085891725,"y":0.46937939524650576,"z":-0.07307731360197067,"w":0.8695054054260254},"size":0.9741961359977722,"orthographic":true}