{"cameraMode":{"drawMode":0,"name":"Shaded","section":"Shading Mode"},"sceneLighting":true,"audioPlay":false,"sceneViewState":{"m_AlwaysRefresh":false,"showFog":true,"showSkybox":false,"showFlares":true,"showImageEffects":true,"showParticleSystems":true,"showVisualEffectGraphs":true,"m_FxEnabled":true},"in2DMode":false,"pivot":{"x":0.07488107681274414,"y":2.0366203784942629,"z":-0.0000030994415283203127},"rotation":{"x":0.23735706508159638,"y":-0.6477851867675781,"z":0.2227279394865036,"w":0.6889262795448303},"size":3.134519100189209,"orthographic":true}