{"cameraMode":{"drawMode":0,"name":"Shaded","section":"Shading Mode"},"sceneLighting":false,"audioPlay":false,"sceneViewState":{"m_AlwaysRefresh":false,"showFog":true,"showSkybox":false,"showFlares":true,"showImageEffects":true,"showParticleSystems":true,"showVisualEffectGraphs":true,"m_FxEnabled":true},"in2DMode":false,"pivot":{"x":-5.960464477539063e-8,"y":1.5521577596664429,"z":0.024343013763427736},"rotation":{"x":0.1505710631608963,"y":-0.8377020955085754,"z":0.2869400978088379,"w":0.43963027000427248},"size":1.6106367111206055,"orthographic":true}