{"cameraMode":{"drawMode":0,"name":"Shaded","section":"Shading Mode"},"sceneLighting":false,"audioPlay":false,"sceneViewState":{"m_AlwaysRefresh":false,"showFog":true,"showSkybox":false,"showFlares":true,"showImageEffects":true,"showParticleSystems":true,"showVisualEffectGraphs":true,"m_FxEnabled":true},"in2DMode":false,"pivot":{"x":-0.020548999309539796,"y":0.20999282598495484,"z":-2.9802322387695315e-8},"rotation":{"x":-0.12232951819896698,"y":-0.8264537453651428,"z":0.19698268175125123,"w":-0.5130748748779297},"size":0.39139872789382937,"orthographic":true}