{"cameraMode":{"drawMode":0,"name":"Shaded","section":"Shading Mode"},"sceneLighting":false,"audioPlay":false,"sceneViewState":{"m_AlwaysRefresh":false,"showFog":true,"showSkybox":false,"showFlares":true,"showImageEffects":true,"showParticleSystems":true,"showVisualEffectGraphs":true,"m_FxEnabled":true},"in2DMode":false,"pivot":{"x":-0.003968358039855957,"y":0.48404166102409365,"z":-1.1920928955078126e-7},"rotation":{"x":0.31377342343330386,"y":-0.64494788646698,"z":0.32969439029693606,"w":0.6140002012252808},"size":1.477264404296875,"orthographic":true}