{"cameraMode":{"drawMode":0,"name":"Shaded","section":"Shading Mode"},"sceneLighting":false,"audioPlay":false,"sceneViewState":{"m_AlwaysRefresh":false,"showFog":true,"showSkybox":false,"showFlares":true,"showImageEffects":true,"showParticleSystems":true,"showVisualEffectGraphs":true,"m_FxEnabled":true},"in2DMode":false,"pivot":{"x":-0.00019299983978271484,"y":0.6975433826446533,"z":0.31913667917251589},"rotation":{"x":0.08253155648708344,"y":0.834123969078064,"z":-0.12988640367984773,"w":0.5297144651412964},"size":1.0792251825332642,"orthographic":true}