{"cameraMode":{"drawMode":0,"name":"Shaded","section":"Shading Mode"},"sceneLighting":false,"audioPlay":false,"sceneViewState":{"m_AlwaysRefresh":false,"showFog":true,"showSkybox":false,"showFlares":true,"showImageEffects":true,"showParticleSystems":true,"showVisualEffectGraphs":true,"m_FxEnabled":true},"in2DMode":false,"pivot":{"x":0.006046116352081299,"y":1.2342865467071534,"z":5.960464477539063e-8},"rotation":{"x":-0.00043199185165576637,"y":-0.9421066045761108,"z":0.33537915349006655,"w":-0.001130803138948977},"size":2.3331363201141359,"orthographic":true}