{"cameraMode":{"drawMode":0,"name":"Shaded","section":"Shading Mode"},"sceneLighting":false,"audioPlay":false,"sceneViewState":{"m_AlwaysRefresh":false,"showFog":true,"showSkybox":false,"showFlares":true,"showImageEffects":true,"showParticleSystems":true,"showVisualEffectGraphs":true,"m_FxEnabled":true},"in2DMode":false,"pivot":{"x":-0.0000030994415283203127,"y":2.0366203784942629,"z":-0.07488119602203369},"rotation":{"x":0.01475507766008377,"y":-0.9788843393325806,"z":0.07651200890541077,"w":0.18906205892562867},"size":3.3832144737243654,"orthographic":true}