{"cameraMode":{"drawMode":0,"name":"Shaded","section":"Shading Mode"},"sceneLighting":false,"audioPlay":false,"sceneViewState":{"m_AlwaysRefresh":false,"showFog":true,"showSkybox":false,"showFlares":true,"showImageEffects":true,"showParticleSystems":true,"showVisualEffectGraphs":true,"m_FxEnabled":true},"in2DMode":false,"pivot":{"x":429.63641357421877,"y":41.65879440307617,"z":270.2388610839844},"rotation":{"x":0.01475507766008377,"y":-0.9788843393325806,"z":0.07651200890541077,"w":0.18906205892562867},"size":5.485757350921631,"orthographic":true}