{"cameraMode":{"drawMode":0,"name":"Shaded","section":"Shading Mode"},"sceneLighting":false,"audioPlay":false,"sceneViewState":{"m_AlwaysRefresh":false,"showFog":true,"showSkybox":false,"showFlares":true,"showImageEffects":true,"showParticleSystems":true,"showVisualEffectGraphs":true,"m_FxEnabled":true},"in2DMode":false,"pivot":{"x":-0.0000030994415283203127,"y":2.036620616912842,"z":-0.07488107681274414},"rotation":{"x":0.2792392373085022,"y":-0.6579826474189758,"z":0.28771182894706728,"w":0.6375709772109985},"size":3.8608100414276125,"orthographic":true}