{"cameraMode":{"drawMode":0,"name":"Shaded","section":"Shading Mode"},"sceneLighting":false,"audioPlay":false,"sceneViewState":{"m_AlwaysRefresh":false,"showFog":true,"showSkybox":false,"showFlares":true,"showImageEffects":true,"showParticleSystems":true,"showVisualEffectGraphs":true,"m_FxEnabled":true},"in2DMode":false,"pivot":{"x":0.006046116352081299,"y":1.2342865467071534,"z":5.960464477539063e-8},"rotation":{"x":0.27777060866355898,"y":-0.7221628427505493,"z":0.46124154329299929,"w":0.43449658155441286},"size":1.3165227174758912,"orthographic":true}