{"cameraMode":{"drawMode":0,"name":"Shaded","section":"Shading Mode"},"sceneLighting":false,"audioPlay":false,"sceneViewState":{"m_AlwaysRefresh":false,"showFog":true,"showSkybox":false,"showFlares":true,"showImageEffects":true,"showParticleSystems":true,"showVisualEffectGraphs":true,"m_FxEnabled":true},"in2DMode":false,"pivot":{"x":432.96771240234377,"y":40.25205993652344,"z":271.12530517578127},"rotation":{"x":0.07667186856269837,"y":-0.9233003258705139,"z":0.26001402735710146,"w":0.2722890079021454},"size":1.1431167125701905,"orthographic":true}