{"cameraMode":{"drawMode":0,"name":"Shaded","section":"Shading Mode"},"sceneLighting":false,"audioPlay":false,"sceneViewState":{"m_AlwaysRefresh":false,"showFog":true,"showSkybox":false,"showFlares":true,"showImageEffects":true,"showParticleSystems":true,"showVisualEffectGraphs":true,"m_FxEnabled":true},"in2DMode":false,"pivot":{"x":-0.003968358039855957,"y":0.48404166102409365,"z":-1.1920928955078126e-7},"rotation":{"x":-0.015142662450671196,"y":-0.9817216992378235,"z":0.16801100969314576,"w":-0.08830270916223526},"size":1.5347669124603272,"orthographic":true}