{"cameraMode":{"drawMode":0,"name":"Shaded","section":"Shading Mode"},"sceneLighting":true,"audioPlay":false,"sceneViewState":{"m_AlwaysRefresh":false,"showFog":true,"showSkybox":false,"showFlares":true,"showImageEffects":true,"showParticleSystems":true,"showVisualEffectGraphs":true,"m_FxEnabled":true},"in2DMode":false,"pivot":{"x":-4.076245307922363,"y":5.880187034606934,"z":-1.0054540634155274},"rotation":{"x":0.01475507766008377,"y":-0.9788843393325806,"z":0.07651200890541077,"w":0.18906205892562867},"size":12.138039588928223,"orthographic":true}