{"cameraMode":{"drawMode":0,"name":"Shaded","section":"Shading Mode"},"sceneLighting":false,"audioPlay":false,"sceneViewState":{"m_AlwaysRefresh":false,"showFog":true,"showSkybox":false,"showFlares":true,"showImageEffects":true,"showParticleSystems":true,"showVisualEffectGraphs":true,"m_FxEnabled":true},"in2DMode":false,"pivot":{"x":1.1160002946853638,"y":0.7185686826705933,"z":-1.0775001049041749},"rotation":{"x":-0.23350873589515687,"y":0.29375728964805605,"z":-0.07412596791982651,"w":-0.9239915013313294},"size":1.1178889274597169,"orthographic":true}